insert into Hobby(hnum,hname) values(200,'Volleyball');
insert into Hobby(hnum,hname) values(300,'Cooking');
insert into Hobby(hnum,hname) values(400,'Football');
insert into Hobby(hnum,hname) values(500,'Roller');
insert into Hobby(hnum,hname) values(600,'Gym');
insert into Hobby(hnum,hname) values(700,'Basketball');
insert into Hobby(hnum,hname) values(900,'Swimming');
insert into Hobby(hnum,hname) values(100,'Basketball');
insert into Hobby(hnum,hname) values(1000,'Crowling');
insert into Person(pid,pname,age) values(10,'Idan',26);
insert into Person(pid,pname,age) values(20,'Omri',25);
insert into Person(pid,pname,age) values(30,'Meir',27);
insert into Person(pid,pname,age) values(50,'Shmulik',54);
insert into Person(pid,pname,age) values(60,'Idan',32);
insert into Person(pid,pname,age) values(70,'Michal',25);
insert into Person(pid,pname,age) values(80,'Offer',16);
insert into Person(pid,pname,age) values(90,'Alon',13);
insert into Person(pid,pname,age) values(100,'Rozen',15);
insert into Person(pid,pname,age) values(110,'Iris',22);
insert into Person(pid,pname,age) values(120,'Baby',3);
insert into Person(pid,pname,age) values(130,'Dvir',34);
insert into Person(pid,pname,age) values(40,'Ido',25);
insert into Person(pid,pname,age) values(140,'Gadi',22);
insert into Person(pid,pname,age) values(150,'Rozen',28);
insert into Hobbies(pid,hnum,frequency) values(10,300,7);
insert into Hobbies(pid,hnum,frequency) values(20,100,3);
insert into Hobbies(pid,hnum,frequency) values(10,200,4);
insert into Hobbies(pid,hnum,frequency) values(70,300,7);
insert into Hobbies(pid,hnum,frequency) values(70,600,2);
insert into Hobbies(pid,hnum,frequency) values(70,200,1);
insert into Hobbies(pid,hnum,frequency) values(30,400,1);
insert into Hobbies(pid,hnum,frequency) values(90,100,7);
insert into Hobbies(pid,hnum,frequency) values(80,100,7);
insert into Hobbies(pid,hnum,frequency) values(50,700,2);
insert into Hobbies(pid,hnum,frequency) values(100,900,7);
insert into Hobbies(pid,hnum,frequency) values(50,100,7);
insert into Hobbies(pid,hnum,frequency) values(110,300,1);
insert into Hobbies(pid,hnum,frequency) values(110,600,2);
insert into Hobbies(pid,hnum,frequency) values(110,200,2);
insert into Hobbies(pid,hnum,frequency) values(110,900,2);
insert into Hobbies(pid,hnum,frequency) values(130,1000,7);
insert into Hobbies(pid,hnum,frequency) values(120,1000,7);
insert into Hobbies(pid,hnum,frequency) values(130,300,2);
insert into Hobbies(pid,hnum,frequency) values(60,300,3);
insert into Hobbies(pid,hnum,frequency) values(60,700,3);
insert into Hobbies(pid,hnum,frequency) values(140,200,3);
insert into Hobbies(pid,hnum,frequency) values(40,200,1);
insert into Hobbies(pid,hnum,frequency) values(40,300,2);
